first_name	family_name	complete_firstname
M VIRGINIA	ALONSO	MARIA VIRGINIA
F	AULENTA	FRANCESCA
J	BIDANGE	JOHAN
B	BLAS MOLINOS	BEATRIZ
E	CADERBY	EMMA
P	CALLEJA	PIERRE
M IAN	CHILDERS	IAN M
L	CHOCINSKI	LAURENCE
J M	CORPART	JEAN MARC
C	DARTIGUELONGUE	CYRIL
F	DEL MONTE	FRANCISCO
T	DEVAMANI	TITU
J C	DUVAL	JEAN CHRISTOPHE
M	ETERNOT	MARION
N	FERLIN	NADEGE
G	FRANCIO	GIANCARLO
S	GATARD	SYLVAIN
R A	GROSS	RICHARD A
C	HARDACRE	CHRISTOPHER
J	HARTWIG	JOHN F
U	HINTERMAIR	ULRICH
W	HNEINE	WAEL
W	HOAREAU	WILLIAM
C OLIVER	KAPPE	CHRISTIAN OLIVER
A	KOVACS	ANNAMARIA
M	LERSCH	MARTIN
C J	LI	CHAO JUN
D	LOUIS	DOMINIQUE
P	MARLIERE	PHILIPPE
L	MASSIN	LAURENCE
J F	MINSTER	JEAN FRANCOIS
F	MONNET	FRANCOIS
P	MONSAN	PIERRE
L	MOTTE	LAURENCE
E	NELHIG	EMILIE
K D P	NIGAM	KRISHNA DEO PRASAD
E	NORRANT	EDITH L
S	PENET	SOPHIE
M	SANKAR	MEENAKSHISUNDARAM
T	SCHAUB	THOMAS
K	SESHAN	KULATHUIYER K
R	SHELDON	ROGER A
A	SIMPSON	ANNA
I	SOREL	ISABELLE
F	TOUCHARD	FABIENNE
S	WESSELBAUM	SEBASTIAN
D	YI	DONG
