first_name,family_name
Tao,Zhang
Haile,Cai
Changzhi,Li
Aiqin,Wang
Mark,Garrett
Gary,Sheldrake
Jean-Paul,Lange
Jeroen van,Buijtenen
Leticia Espinosa,Alfonso
Wouter,Spiering
Rob,Polmans
Benjamin,Katryniok
Carsten,Liebig
Cyrille,Guillon
Sébastien,Paul
Wolfgang F.,Hoelderich
Frank,Dumeignil
Marc,Sutter
Marc,Lemaire
Estelle,Metay
Yann,Raoul
Alessandro,Chieregato
Francesco,Basile
Fabricio,Cavani
Patricia,Concepcion
Giuseppe,Liosi
Véronique,Nardello-Rataj
Loic,Leclercq
Adrien,Mouret
Bing,Hong
Roberto,Company
Pierre,Bauduin
Anna,Proust
Jean-Marie,Aubry
Werner,Kunz
Fuwei,Li
Xia,Chungu
Peiqing,Zhao
Maud,Chemin
Anne-Laure,Wirotius
Frédérique,Ham-Pichavant
Denilson Da,Silva-Perez
Michel,Petit-Conil
Gilles,Labat
Benoit,Gadenne
Carine,Alfos
Henri,Cramail
Stéphane,Greller
Valérie,Molinier
Aurélie,Lavergne
Laurianne,Moity
Jonathan,Lai
Mathieu,Sauthier
André,Mortreux
Wouter,Schutyser
Stijn Van de,Vyver
Michiel,Dusselier
Jan,Geboers
Bert,Sels
Damien,Delcroix
Christophe,Vallée
Didier,Bernard
Olivia,Chaumet-Martin
Emmanuelle,Pellier
P.,Calleja
Joseph A.,Stewart
Erik,Reubsaet
Bert M.,Weckhuysen
Pieter C.A.,Bruijnincx
Inaki,Gandarias
Sara G.,Fernandez
Pedro L.,Arias
Raja,Znaiguia
Patrick,Rey
Jean-Marc,Millet
Stéphane,Loridant
Pierrick,Gaudin
Bendaou,Nohair
Serge,Kaliaguine
Matthieu O.,Sonnati
Sonia,Amigoni
Elisabeth P. Taffin de,Givenchy
Thierry,Darmanin
Olivier,Choulet
Frédéric,Guittard
E.,Nelhig
L.,Motte
E.,Guenin
Henning,Kayser
Walter,Leitner
Pablo Dominguez de,Maria
Nathalie,Tanchoux
Yulia,Monakhova
Pierre,Agulhon
Didier,Tichit
Françoise,Quignard
Grit,Straganz
Agnès,Rolland-Sabaté
Romain,Irague
Alain,Buléon
Laurence,Tarquis
Jean-Louis,Doublier
Bernard,Riedl
Vahé,Vardanyan
Alireza,Kaboorani
Bouddah,Poaty
Gregory,Chauve
Alexandru,Curea
Madalina,Tudorache
Simona M.,Coman
Vasile,Parvulescu
Kameh,Tajvidi
Jens U.,Oltmanns
Leila,Negahdar
Regina,Palkovits
Sylvain,Caillol
Rémi,Auvergne
Bernard,Boutevin
Norbert,Steinfeldt
Baraa,Siyo
Johan de,Coninck
Christophe,Luguel
Peter,Miedziak
Hamed,Alshammari
David,Willock
David,Knight
Graham,Hutchings
Philip,Jessop
Candace,Fowler
Catherine,OâNeill
Xin,Su
Julien,Pinaud
Erica,Kowal
Michael,Cunningham
Yves,Queneau
Jia-Neng,Tan
Mohammed,Ahmar
Emeline,Prandato
Françoise,Méchin
Roberto,Olcese
Binod,Shrestha
Mohammed,Bettahar
Dominique,Petitjean
Anthony,Dufour
Charlie,Basset
Sandra,Constant
Jean-Charles,Motte
Abdelatif,Barakat
Claire,Dumas
Frencesco Di,Renzo
François,Napoly
Bruno,Andrioletti
Micheline,Draye
Ludivine,Jean-Gérard
Catherine,Goux-Henry
Claudio,Aguiar
Antonio,Baptista
Julianna Souza,Sartori
Aline,Bigaton
Talita,Zocca
Michele,Catelan
Nathalia,Correa
Feng,Wang
Frederic,Hapiot
Jerome,Boulanger
Hervé,Bricout
Anne,Ponchel
Eric,Monflier
Thomas,Lebarbé
Lise,Maisonneuve
Salvador,Ordonez
Eva,Diaz
Matteo,Guidotti
Cristina,Tiozzo
Rinaldo,Psaro
Fabio,Carniato
Alessandro,Gallo
Frédéric,Bataille
Jacques,Barbier
Fabienne,Perrona
Alexandre,Briand
Isabelle,Polaert
Mariana Cunha,Felix
Mélissa,Fornasero
Stéphane,Marcotte
Lionel,Estel
Rudy,Covis
Justine,Giauffret
Irene Notar,Francesco
Jennifer K.,Edwards
Graham J.,Hutchings
Sylvain,Antoniotti
Haresh,Manyar
Christophe,Coutanceau
Mathieu,Mougenot
Pascal,Brault
Mario,Simoes
Stève,Baranton
Eric Da,Silva
Wissam,Dayoub
Julien,Debray
Gérard,Mignani
Arjan,Kleij
Chris,Whiteoak
Feliu,Maseras
Ainara,Nova
Paolo P.,Pescarmona
Syed M.,Al-Amsyar
Christopher J.,Whiteoak
Arjan W.,Kleij
Hicham,Aitrass
Nadine,Essayem
Michèle,Besson
Irantzu,Sadaba
Manuel,Ojeda
Rafael,Mariscal
Manuel Lopez,Granados
Iker,Agirrezabal-Telleria
Martino,Nieddu
Estelle,Garnier
Bernard,Kurek
Franck-Dominique,Vivien
Christophe,Bliard
Ali,Youssef
Jean-Pierre,Llored
N.,Ferlin
S.,Gatard
S.,Bouquillon
Masazumi,Tamura
Kaiyou,Chen
Yasushi,Amada
Yoshinao,Nakagawa
Kellchi,Tomishige
Saravanamurugan,Shunmugavel
Anders,Riisager
Christophe,Len
Estelle Banaszak,Leonard
Nicolas,Drillaud
Isabelle,Pezron
Houcine,Mhemdi
Johannes,Niederhauser
Sarah,Pratter
Prakash,Sahoo
Young-Nam,Jang
Seung-Woo,Lee
Huihui,Liu
Xian,Zhang
Guiying,Li
Changwei,Hu
Tomas van,Haasterecht
Carl C.I.,Ludding
Krijn P. de,Jong
Johannes H.,Bitter
Margarida Costa,Gomes
Pascale,Husson
Agilio,Padua
Kazuhiko,Ishikawa
Magdalena,Titirici
Aleksey,Bychkov
Frederique,Bertaud
Arnaud,Aubigny
Christelle,Boucherand
Marie,Bessieres
Olivier,Guerrini
Rémi,Cazelles
Anne,Galarneau
Vincent,Besse
B.,Blas-Molinos
S.,Wesselbaum
U.,Hintermair
G.,Francio
W.,Leitner
Véronique,Dufaud
Bastien,Chatelet
Lionel,Joucla
Jean-Pierre,Dutasta
Alexandre,Martinez
Julien,Leclaire
Daniel,Stellwagen
Krijn De,Jong
Johannes,Bitter
Amandine,Foulet
Hervé,Deleuze
Guido,Sonnemann
Philippe,Garrigues
Martine,Largeron
José,Fraile
Enrique,Garcia-Bordejé
Laura,Roldan
Franck,Launay
Rita,Sassine
Catarina,Rocha
Michael,Ramin
Thomas,Onfroy
Robert,Gosselink
Daniël,Stellwagen
Harry,Bitter
Anna,Kulik
Angela,Köckritz
Andreas,Martin
Arno,Behr
Pavel,Horák
Hynek,Bene
Xavier,Frogneux
Olivier,Jacquet
Christophe,Gomes
Thibault,Cantat
Maeva,Giraudo
Philippe,Bouchard
Wouter De,Soete
Camille,Ludot
Boris,Estrine
Jean,LeBras
Sinisa,Marinkovic
Jacques,Muzart
Jussi,Rissanen
Henrik,Grenman
Stefan,Willför
Dmitry,Murzin
Tapio,Salmi
Flora T.T.,Ng
Jin Ku,Cho
Kevin Van,Geem
Sophie,Guillaume
J.,Bidange
C.,Fischmeister
C.,Bruneau
Felix,RICHTER
Tim,KLASEN
Laila,SAHRAOUI
Ferdi,SCHÜTH
Micka,Agach
Ionna,Melidi
Véronique,Rataj
Bohan,Zhao
Yan,Zeng
Dongmei,Tong
Lourdes,Ballinas-Casarrubias
Tania,Saucedo
Laila,Munoz-Castellanos
Virginia,Nevarez-Moorillon
Guillermo,Gonzalez-Sanchez
Olatunde,Jogunola
Jyri-Pekka,Mikkola
Isabelle,Capron
Fanch,Cherhal
Hervé,Cathala
Bernard,Cathala
Capucine,Dupont
Timothée,Nocquet
Jean-Michel,Commandré
Maguelone,Grateau
Sylvain,Salvador
Puran Singh,Rathore
Sonal,Thakore
Fei,Liu
Karine De Oliveira,Vigier
Jean-Marc,Clacens
Floryan,Decampo
François,Jérôme
Kévin,LOUIS
Laurence,VIVIER
Karine DE OLIVEIRA,VIGIER
Yannick,POUILLOUX
Jie,Yang
Minghao,Li
Binghua,Zhou
Yanlong,Gu
Veronika,Fischer
Yin,Liu
Qinmin,Pan
Garry,Rempel
Anne,Wadouachi
Stéphanie,Rat
Emmanuel,Petit
Philippe,Michaud
José,Kovensky
J.,Abdoul-Zabar
I.,Sorel
V.,Hélaine
F.,Charmantray
T.,Devamani
D.,Yi
V. de,Berardinis
D.,Louis
P.,Marlière
W.-D.,Fessner
L.,Hecquet
Laurent,Roumeas
Chahinez,Aouf
Eric,Dubreucq
Hélène,Fulcrand
Markus,Heinrich
Cristina de,Salas
Alice,Meullemiestre
Sid-Ahmed,Rezzoug
Zoulikha,Rezzoug
Ali,Asaff
Yolanda,Reyes
Angel,Aceves
Juan Carlos,Mateos
Hana,Krizova
Vincent,Escande
Claude,Grison
Dingyi,Yu
Yugen,Zhang
Alessandra,Vizza
Jeremy,Jorda
Daniela,Lavric
Jean-René,Chérouvrier
Romain,Rey-Rodriguez
Emilie,Marie
Marianne,Graber
Valérie,Thiérie
P.,Anastas
J. F.,Minster
B.,Sels
P.,Marion
A.,Buleon
F.,Schüth
M.,Lersch
P.,Jessop
F.,Aulenta
J.,Clark
T.,Zhang
S.,Rebouillat
F. Del,Monte
S.,Kobayashi
P.,Monsan
S. Duprat de,Paule
J. L.,Dubois
B.,Weckhuysen
A.,Corma
S.,Maury
M.,Philippe
C. J.,Li
