id,first_name,family_name,source
1,A HAQUE,ROSENANI,other
2,ADLER,PAULINE,dimensions
3,AGBOSSOU NIEDERCORN,FRANCINE,other
4,AGIRRE,ION,dimensions
5,AGUILERA SEGURA,SONIA MILENA,other
6,ALFOS,CARINE,dimensions
7,ALI,GHINA,dimensions
8,ALI,LIAQAT,dimensions
9,ALLAL,FARIDA,dimensions
10,ALMANSOUR,ABDULRAHMAN I,dimensions
11,ARAJI,NAHLA,dimensions
12,AUGUSTO,PEDRO,dimensions
13,BATIOT DUPEYRAT,CATHERINE,other
14,BEAUCHET,ROMAIN,dimensions
15,BEKKAR,FATIMA,other
16,BEN MOHAMED,SOUMAYA,other
17,BENMEDDAH,AMEL,dimensions
18,BENSAKHRIA,AMMAR,dimensions
19,BIHANIC,CAMILLE,other
20,BILLAULT,ISABELLE,dimensions
21,BONINCONTRO,DANILO,dimensions
22,BRIDIAU,NICOLAS,dimensions
23,BRINGER,ARNO,dimensions
24,CAILLOL,SYLVAIN,dimensions
25,CANDU,NATALIA,dimensions
26,CAPART,RICHARD,dimensions
27,CAPRON,MICKAEL,dimensions
28,CHARMANTRAY,FRANCK,dimensions
29,CHAU,KAR YEE,other
30,CHEMAT,FARID,dimensions
31,CHEVALLIER,MARION,dimensions
32,CHRISTINA,DEBORA,dimensions
33,CLACENS,JEAN MARC,other
34,CONSTABLE,DAVID,dimensions
35,DEBECKER,DAMIEN,dimensions
36,DINE,THIERRY,dimensions
37,DJEGHABA,ZEINEDINE,other
38,DOMINE,MARCELO E,dimensions
39,DUMAS,FRANCOISE,dimensions
40,DUMEIGNIL,FRANK,dimensions
41,DUMON,ALEXANDRE,dimensions
42,ELAIN,ANNE,dimensions
43,EPPE,GAUTHIER,other
44,FANG,WENHAO,dimensions
45,FERDJANI,SALIM,dimensions
46,FORANO,CLAUDE,dimensions
47,FRANCHE,ANTOINE,dimensions
48,GALLARDO,CYRIL,other
49,GANDARIAS,INAKI,dimensions
50,GENNEN,SANDRO,dimensions
51,GRESSIER,BERNARD,dimensions
52,HAMDI,MAAMAR,dimensions
53,HAQUE MD,ARIFUL,other
54,HECQUET,LAURENCE,dimensions
55,HU,HAO,dimensions
56,IDRIS,IMANE,dimensions
57,IGLESIAS,JOSE,dimensions
58,ION,SABINA,other
59,JEANNE ROSE,VALERIE,other
60,KAMBIA,NICOLAS,dimensions
61,KARUNAKARAN,KANNAN,dimensions
62,KIKHTYANIN,OLEG,dimensions
63,KOUOH ELOMBO,FERDINAND,other
64,LAUNEZ,REMY,other
65,LEE,TAE WOO,dimensions
66,LEMOUCHI,RADIA,dimensions
67,LIUZZI,DALIA,dimensions
68,LLORED,JEAN PIERRE,other
69,LORILLIERE,MARION,dimensions
70,LOUTFI,MOHAMED,dimensions
71,LUYCKX,MICHEL,other
72,MAACHE REZZOUG,ZOULIKHA,other
73,MARIANOU,ASIMINA,dimensions
74,MEIMOUN,JULIE,dimensions
75,MEKMOUCHE,YASMINA,dimensions
76,MELERO,JUAN ANTONIO,dimensions
77,MEULLEMIESTRE,ALICE,dimensions
78,MICHEL,CARINE,dimensions
79,MIKA,SILLANPAA,dimensions
80,MOHAMAD,SITI FATAHIYAH,dimensions
81,MOON,IL SHIK,dimensions
82,MOUSTY,CHRISTINE,dimensions
83,NAJA,JAMAL,dimensions
84,NPETGAT,ELOINE,dimensions
85,ORMEROD,DOMINIC,dimensions
86,PANT,DEEPAK,dimensions
87,PERRIER,VERONIQUE,dimensions
88,PINSOLLE,ALEXANDRE,other
89,PIREZ,CYRIL,dimensions
90,POUILLOUX,YANNICK,dimensions
91,PREVOT,VANESSA,dimensions
92,RACHEDI,YAHIA,other
93,RAHOBINIRINA,ANDRIANARIVO IRENE,other
94,RANARIJAONA,MICHAELE,other
95,RAYNAUD,CHRISTINE,dimensions
96,RENAULT,LOUISE,dimensions
97,REZZOUG,SID AHMED,other
98,RIBEIRO,LUCILIA,other
99,ROBERT,VIVIANE,dimensions
100,SALMI,TAPIO,other
101,SANTOS,JOAO,dimensions
102,SARRAZIN,FLAVIE,dimensions
103,SAUTET,PHILIPPE,dimensions
104,SCHERRMANN ,MARIE CHRISTINE,dimensions
105,SELAIMIA FERDJANI,OUASSILA,other
106,SELS,BERT,other
107,SEUANES SERAFIM,LUISA,other
108,SILVA,KAREN,dimensions
109,SOL,VINCENT,dimensions
110,SUBRAMANIAM,BALAJI,dimensions
111,SUOJIANG,ZHANG,dimensions
112,TOUATI,HOUCINE,dimensions
113,TRON,THIERRY,dimensions
114,TTATIBOUET,JEAN MICHEL,other
115,VALANGE,SABINE,dimensions
116,VANBROEKHOVEN,KAROLIEN,dimensions
117,VANLEEUW,EVELIEN,dimensions
118,WANG,AIQIN,other
119,WANG,BO,other
120,XIE,LIANGXU,dimensions
121,XIE,SHUNJI,other
122,XUEZHI,DUAN,dimensions
123,YANG,JUNG WOON,dimensions
124,ZHANG,YONGCHAO,dimensions
