id;first_name;family_name;source
1;A HAQUE;ROSENANI;other
2;ADLER;PAULINE;dimensions
3;AGIRRE;ION;dimensions
4;AGUILERA SEGURA;SONIA MILENA;other
5;ALFOS;CARINE;dimensions
6;ALI;GHINA;dimensions
7;ALI;LIAQAT;dimensions
8;ALLAL;FARIDA;dimensions
9;ALMANSOUR;ABDULRAHMAN I;dimensions
10;ARAJI;NAHLA;dimensions
11;AUGUSTO;PEDRO;dimensions
12;BATIOT DUPEYRAT;CATHERINE;other
13;BEAUCHET;ROMAIN;dimensions
14;BENMEDDAH;AMEL;dimensions
15;BENSAKHRIA;AMMAR;dimensions
16;BILLAULT;ISABELLE;dimensions
17;BONINCONTRO;DANILO;dimensions
18;BRIDIAU;NICOLAS;dimensions
19;BRINGER;ARNO;dimensions
20;CAILLOL;SYLVAIN;dimensions
21;CANDU;NATALIA;dimensions
22;CAPART;RICHARD;dimensions
23;CAPRON;MICKAEL;dimensions
24;CHARMANTRAY;FRANCK;dimensions
25;CHEMAT;FARID;dimensions
26;CHEVALLIER;MARION;dimensions
27;CHRISTINA;DEBORA;dimensions
28;CLACENS;JEAN MARC;other
29;CONSTABLE;DAVID;dimensions
30;DEBECKER;DAMIEN;dimensions
31;DINE;THIERRY;dimensions
32;DJEGHABA;ZEINEDINE;other
33;DOMINE;MARCELO E;dimensions
34;DUMAS;FRANCOISE;dimensions
35;DUMEIGNIL;FRANK;dimensions
36;DUMON;ALEXANDRE;dimensions
37;ELAIN;ANNE;dimensions
38;FANG;WENHAO;dimensions
39;FERDJANI;SALIM;dimensions
40;FORANO;CLAUDE;dimensions
41;FRANCHE;ANTOINE;dimensions
42;GALLARDO;CYRIL;other
43;GANDARIAS;INAKI;dimensions
44;GENNEN;SANDRO;dimensions
45;GRESSIER;BERNARD;dimensions
46;HAMDI;MAAMAR;dimensions
47;HAQUE MD;ARIFUL;other
48;HECQUET;LAURENCE;dimensions
49;HU;HAO;dimensions
50;IDRIS;IMANE;dimensions
51;IGLESIAS;JOSE;dimensions
52;KAMBIA;NICOLAS;dimensions
53;KARUNAKARAN;KANNAN;dimensions
54;KIKHTYANIN;OLEG;dimensions
55;LAUNEZ;REMY;other
56;LEE;TAE WOO;dimensions
57;LEMOUCHI;RADIA;dimensions
58;LIUZZI;DALIA;dimensions
59;LLORED;JEAN PIERRE;other
60;LORILLIERE;MARION;dimensions
61;LOUTFI;MOHAMED;dimensions
62;MARIANOU;ASIMINA;dimensions
63;MEIMOUN;JULIE;dimensions
64;MEKMOUCHE;YASMINA;dimensions
65;MELERO;JUAN ANTONIO;dimensions
66;MEULLEMIESTRE;ALICE;dimensions
67;MICHEL;CARINE;dimensions
68;MIKA;SILLANPAA;dimensions
69;MOHAMAD;SITI FATAHIYAH;dimensions
70;MOON;IL SHIK;dimensions
71;MOUSTY;CHRISTINE;dimensions
72;NAJA;JAMAL;dimensions
73;NPETGAT;ELOINE;dimensions
74;ORMEROD;DOMINIC;dimensions
75;PANT;DEEPAK;dimensions
76;PERRIER;VERONIQUE;dimensions
77;PINSOLLE;ALEXANDRE;other
78;PIREZ;CYRIL;dimensions
79;POUILLOUX;YANNICK;dimensions
80;PREVOT;VANESSA;dimensions
81;RAHOBINIRINA;ANDRIANARIVO IRENE;other
82;RANARIJAONA;MICHAELE;other
83;RAYNAUD;CHRISTINE;dimensions
84;RENAULT;LOUISE;dimensions
85;ROBERT;VIVIANE;dimensions
86;SANTOS;JOAO;dimensions
87;SARRAZIN;FLAVIE;dimensions
88;SAUTET;PHILIPPE;dimensions
89;SCHERRMANN ;MARIE CHRISTINE;dimensions
90;SELS;BERT;other
91;SILVA;KAREN;dimensions
92;SOL;VINCENT;dimensions
93;SUBRAMANIAM;BALAJI;dimensions
94;SUOJIANG;ZHANG;dimensions
95;TOUATI;HOUCINE;dimensions
96;TRON;THIERRY;dimensions
97;TTATIBOUET;JEAN MICHEL;other
98;VALANGE;SABINE;dimensions
99;VANBROEKHOVEN;KAROLIEN;dimensions
100;VANLEEUW;EVELIEN;dimensions
101;XIE;LIANGXU;dimensions
102;XUEZHI;DUAN;dimensions
103;YANG;JUNG WOON;dimensions
104;ZHANG;YONGCHAO;dimensions
